,date,title,url,views,views_expand
0,1 week ago,BINO BITISA EYASIMATUKA OKUTIBWA MU CAMPAIGNS ZA BOBI WINE YABUKA MUNTANA NAYE BANE TEBALUTONDA,https://www.youtube.com//watch?v=k4OYPBmo27o,28K views,28000.0
1,1 week ago,EMPOLOGOMA YA BUGANDA EBOGODDE KUNSONGA ZA MAILO LAND KATI ZAABIKE EMIPILA TUKOYE EJOOGO KU TTAKA,https://www.youtube.com//watch?v=6WI90-s6yuI,19K views,19000.0
2,1 week ago,BWIINO OMUKAMBWE KU KIKI EKIDAKO MUSEVENI NE BABI BANE BALI MUKUSATIRA BANAUGANDA BAKOYE EJOOGO ðŸ”¥ðŸ”¥,https://www.youtube.com//watch?v=vtSBERRqZ3g,29K views,29000.0
3,2 weeks ago,ETTAKA LYA  MAILO LAND LIZARIDDE MUSEVENI OBUZIBU ABAGANDA BETEGEFU OKUMURWANYISA,https://www.youtube.com//watch?v=31mBddAbICc,22K views,22000.0
4,2 weeks ago,BANAUGANDA BAWANDA MULIRO MU OPEN ROOF DISCUSSION BAKOYE EJOOGO LYA MUSEVENI NE FAMILY YE,https://www.youtube.com//watch?v=DelWwtgvR3k,11K views,11000.0
5,2 weeks ago,A MUST WATCH HOO!! ABANTU BAKOWU NYOO MU PUBLIC OPEN ROOF DISCUSSION,https://www.youtube.com//watch?v=Q7hz8NBmaIU,12K views,12000.0
6,2 weeks ago,"SHOCKING TRUTH ABOUT MUSEVENI'S DIRTY PLANS AGAINST INDIGENOUS UGANDANS, MOSTLY BAGANDA IN BUGANDA",https://www.youtube.com//watch?v=6bdatfJV7ew,15K views,15000.0
7,3 weeks ago,"IF BAGANDA KNEW IT BEFORE , THEY WILL NOT BE SAFE IN THE UNIFICATION OF UGANDA AS IT IS TODAY",https://www.youtube.com//watch?v=0CPaUa5VARY,13K views,13000.0
8,3 weeks ago,"DIRTY SECRETS BEHIND UNN FUNDED AND CONTROLLED BY RWABWOGO, HENRY TUMUKUNDE, MIWAMBO PAUL.AND OTHERS",https://www.youtube.com//watch?v=vg9CHczgjxg,17K views,17000.0
9,3 weeks ago,EXPOSING MUSEVENI'S PLANS AGAINST UGANDANS IS THE REASON AS TO WHY  POLICE IS HUNTING ME BUT AM OK,https://www.youtube.com//watch?v=FZOSNPgC3ec,24K views,24000.0
10,4 weeks ago,OPEN ROOF PUBLIC DISCUSSION,https://www.youtube.com//watch?v=JiYumf6rg_I,16K views,16000.0
11,1 month ago,SHOCKING NEWS HOW IGP PAUL LOKECH COVERED  UP MUHOOZI KEINARUGABA MURDERS AND GEN KATUMBA MISSION,https://www.youtube.com//watch?v=nd-4mea47_w,21K views,21000.0
12,1 month ago,MUSEVENI I DONT FEAR YOU AM READY TO DEFEND UGANDANS AND STOP INTIMIDATING PEOPLE,https://www.youtube.com//watch?v=zvPILwYSd2Q,26K views,26000.0
13,1 month ago,OBUGANDA BULI MUKUSATIRA ABAGANDA ABABUZA KABAKA JALI MAYIGA AVUMA BAVUME OBUJJOZI BUSUSE EMENGO,https://www.youtube.com//watch?v=pS3Cvfmse6c,21K views,21000.0
14,1 month ago,ENSONGA EZITISA ABAGAGA BOMU KAMPALA ZIKABYA AMAZIGA MU OPEN ROOF DISCUSSION,https://www.youtube.com//watch?v=zaJs89UGQ-c,15K views,15000.0
15,1 month ago,BINO BITISA WONA WOLI SABILA EGWANGA LYO UGANDA WELAGA WAKAMBWE TETULINA MUKUREMBEZE,https://www.youtube.com//watch?v=RgieQ7qNbw4,24K views,24000.0
16,1 month ago,OBUBI BWA BA MINISTER MU GOVERNMENT BUZALIDDE MUSEVENI EBIZIBU BANANKYUKYUKA MUBE BAGUMU,https://www.youtube.com//watch?v=gi1vT8V-gIM,16K views,16000.0
17,1 month ago,BINO BITISA EYA ELETA PLAN YOKUSANYAWO BUGANDA WAMU NE  SSABASAJJA KABAKA NEYE  AGENDA KUTIBWA,https://www.youtube.com//watch?v=3bdTw6_qCG8,14K views,14000.0
18,1 month ago,OBUJULIZI OBULUMIKA NTI ABANTU BATIBWA MUKIMPUKUMPUKU MU MARWALIRO MUGWANGA BUTISA OPEN ROOF DISCUSS,https://www.youtube.com//watch?v=LlwmQaSsbDA,11K views,11000.0
19,1 month ago,BREAKING NEWS MUSEVENI PLANS TO ARREST BOBI WINE ON HIS RETURN FROM WHERE HE IS INCLUDING SECURITY,https://www.youtube.com//watch?v=wTkY27I7AFc,17K views,17000.0
20,1 month ago,BWIINO OMUKAMBWE KU NFA YA BANTU MU BUGANDA NE UGANDA ONO SSI SENYIGA BUTWA BWENYINI,https://www.youtube.com//watch?v=Sai338sZRaQ,13K views,13000.0
21,1 month ago,SHOCKING NEWS MUSEVENI' MISSION EXPOSED THE SECRET BEHIND SENYIGA -19,https://www.youtube.com//watch?v=vuLq9jHYQLw,20K views,20000.0
22,1 month ago,OBUNKENKE MU BUGANDA ABANTU BATIBWA MUKIMPUKUMPUKU ATE NGA NE SSABASAJJA KABAKA TAMANYIDWA WALI,https://www.youtube.com//watch?v=TF86SXyCaQU,16K views,16000.0
23,1 month ago,"FEFEKA SSERUBOGO WAS FINISHED BY LAND GRABBERS IN KAYUNGA DISTRICT LED BY KALANGWA ,DPC ,RDC ETC",https://www.youtube.com//watch?v=-LgmP4SHTao,17K views,17000.0
24,1 month ago,OPEN ROOF DISCUSSION A MUST WATCH BANA UGANDA BANYIVU NYO BAKOYE MUSEVENI OKUTILIMBULA  ABANTU,https://www.youtube.com//watch?v=_Pcv0mt2Cf4,16K views,16000.0
25,1 month ago,MUSEVENI AMIDWA ENSIMBI OBUSUNGU ABUTADDE KU PLAN YOKUTTA ABANTU ABAZUNGU BALYOKE BAMUWE ENSIMBI,https://www.youtube.com//watch?v=bZcN_9HMe9M,26K views,26000.0
26,1 month ago,"GWANGA MUJJE  BABANO ABANYAGA EBYAMA BYA KAKABA, MUSEVENI AYAGALA KUJJAWO MAILO LAND MU BUGANDA",https://www.youtube.com//watch?v=Lts2iKFEJZs,20K views,20000.0
27,1 month ago,BWIINO AKWATA KUNFFA YA BANTU MU UGANDA WAMU NE NDOWOZZA ZA BANTU KUBIGENDA MUMASO MUGWANGA,https://www.youtube.com//watch?v=xsb80tvaDh4,18K views,18000.0
28,1 month ago,EKIGGULA LUGI MU OPEN DISCUSSION ABANTU BAKOWU NYOO BAGALA BUYINZA,https://www.youtube.com//watch?v=ICsTFa84z2k,13K views,13000.0
29,2 months ago,SECURITY ALERTS AND HOW MUSEVENI PLANS TO CHANGE LAND  OWNERSHIP IN UGANDA MOSTLY IN BUGANDA,https://www.youtube.com//watch?v=Pxu_rnay1ow,21K views,21000.0
30,2 months ago,THE SECRET MEETING OF BAHIMA ON HOW THEY PLAN TO FINISH INDIGENOUS UGANDANS BUT MOSTLY BAGANDA,https://www.youtube.com//watch?v=lJH6ziwHaF0,21K views,21000.0
31,2 months ago,PLAN B YA MUSEVENI NE FIRST FAMILY EYOKUSANYAWO GENERAL KATUMBA WAMALA NKAMBWE NYOO,https://www.youtube.com//watch?v=lfMjDmgDzNw,29K views,29000.0
32,2 months ago,BWIINO OMUKAMBWE KU BANI ABABADE MULUKWE LWOKUTA GEN KATUMBA WAMALA ATE NABO BATIDWA MBAGIRAWO,https://www.youtube.com//watch?v=kFegtOQe70I,45K views,45000.0
33,2 months ago,MAYEGA MUSEGE OGWAMBADDE EDIIBA LYENDIGA EMENGO ENDAGANO YE EYO BWAKATIKILO YAGWAKO DDA NYO,https://www.youtube.com//watch?v=O4j9rsWb_Ws,13K views,13000.0
34,2 months ago,EDAGALA LYA BUWUMBI 5 LYABIDWA FAMILY YA MUSEVENI ATE NGA NE PLAN ZOKUSANYAWO ABAKULU MU NUP ZITISA,https://www.youtube.com//watch?v=xdYr9YvafTc,13K views,13000.0
35,2 months ago,ENTEKATEKA ZA MUSEVENI OKUJJAWO NOKUSANYAWO EGWANGA UGANDA ZIWEDDE AGENDA KOZESA OULANYA.J NE BA MP,https://www.youtube.com//watch?v=zOM_3yW9CQA,19K views,19000.0
36,2 months ago,ENTEKATEKA YA MUSEVENI EYOKUSANYAWO ABAGANDA WAMU NOBWAKABAKA BWA BUGANDA ETIISA TWESABIRE NYOO,https://www.youtube.com//watch?v=PDtho5e9IgM,14K views,14000.0
37,2 months ago,GOVERNMENT YA MUSEVENI ELI MUMATIGA ESAWA YONA EGWA TALINA NSIMBI ZIGIDUKANYA NE BANK TEZILINA SENTE,https://www.youtube.com//watch?v=MTc4ZOtZTj4,16K views,16000.0
38,2 months ago,KYAGULANYI SENTAMU AYANISE OBWERERE BWA MUSEVENI TALINA NAWAJJA NSIIMBI ZIDUKANYA GOVERNMENT,https://www.youtube.com//watch?v=Ajec49IDvGk,18K views,18000.0
39,2 months ago,AKABINJA KABA MAFIA EMENGO ABAGALA OKUJJAWO OBULAMU BWA KABAKA RONALDO MUWENDA OBADDE  OKAMANYI,https://www.youtube.com//watch?v=jh5v24vgrds,15K views,15000.0
40,2 months ago,OBUBAKA BWA PRESIDENT KYAGULANYI SENTAMU ROBERT MUKUZIKA JJAJA WA EDDY MUTWE EBUSUJJU,https://www.youtube.com//watch?v=-AHO4wJypiE,6.2K views,6200.0
41,2 months ago,BWIINO AKWATA KULUKWE LWOKUKENDEZA BANANSI AYINGIZEWO ABAGWIRA MUGWANGA ATIISA,https://www.youtube.com//watch?v=u1ure6C3-Ts,16K views,16000.0
42,2 months ago,KATANDIKA BUTANDISI BOBI WINE ATADDE MUSEVENI KUBUNKENKE YAMANYI KIKI KYAZAKO,https://www.youtube.com//watch?v=E_OcsbCvQKU,21K views,21000.0
43,2 months ago,MUSEVENI ATIDDE NYO AYIYE AMAGYE MU KAMPALA ALYOKE YELAYIZZE KUMUDUMU GWE MUNDU,https://www.youtube.com//watch?v=bsWlXO-6GaU,16K views,16000.0
44,2 months ago,A MUST WATCH WITH THE ONE AND ONLY PATO,https://www.youtube.com//watch?v=RlwO382gA3g,5.1K views,5100.0
45,3 months ago,OPEN ROOF TO UNN GROUP IS WORKING ON BEHALF OF MUSEVENI 2 DESTROY KYAGULANYI PLUS NUP AS POLITICAL P,https://www.youtube.com//watch?v=BpCWkB69Ru0,22K views,22000.0
46,3 months ago,BREAKING NEWS HIDDEN MISSION OF UNN IS TO DESTROY BOBI WINE AND NUP,https://www.youtube.com//watch?v=Q9i6-LrwvAI,23K views,23000.0
47,3 months ago,KYAGULANYI SENTAMU AKAWANGAMUDE NTI MUSEVENI ESAWAYONA WAKUKWATIBWA ABITEBYE WAMU NE BANE BONA,https://www.youtube.com//watch?v=zqPHnUcrUcc,13K views,13000.0
48,3 months ago,MUHOOZI KEINARUGABA ICC EMWETAGA MUBWANGU ATE NGA NE KITAWE MUSEVENI ASABIDWA AWEYO OBUYINZI ERI BOB,https://www.youtube.com//watch?v=pu9BUjZnYZU,25K views,25000.0
49,3 months ago,KABAKA WA SWAZILAND AYINGIDE MU NSONGA ZA SSABASAJJA KABAKA RONALDO MUWENDA MUTEBI M7 AGANYE,https://www.youtube.com//watch?v=c3NaXLJ5crU,12K views,12000.0
50,3 months ago,BINO BIROWOOZO BYA BANTU KU MBERA YOBULAMU BWA SSABASAJJA KABAKA RONALDO MUWENDA MUTEBI,https://www.youtube.com//watch?v=V9yZY0RQC2Q,12K views,12000.0
51,3 months ago,MUSEVENI SOON TO SUSPEND THE CONSTITUTION AND IMPLEMENT THE NORTH KOREA RULE IN UGANDA,https://www.youtube.com//watch?v=UdCKW38uvy8,22K views,22000.0
52,3 months ago,KITALO NYOO BINO BITISA OBUGANDA BUGENDA MUSITUKE MWENA,https://www.youtube.com//watch?v=ayko0V_kkTk,17K views,17000.0
53,3 months ago,SECURITY ALERTS TO ALL PUBLIC FIGURE'S IN UGANDA TIGHTEN YOUR SECURITY,https://www.youtube.com//watch?v=bwzCZ8NB6Vg,17K views,17000.0
54,3 months ago,MUSEVENI ALI KUBUNKENKE ASABYE PRESIDENT WA TANZANIA OKUMUWA AMAGYE GAMUYAMBE TAMANYI KIDAKO,https://www.youtube.com//watch?v=Q1B5hOsehlc,27K views,27000.0
55,3 months ago,ENKWEZENGE EMENGO NOBUYAYE OBULI MU BWAKABAKA BWA BUGANDA,https://www.youtube.com//watch?v=ofAWyJRqO9U,16K views,16000.0
56,3 months ago,EJOOGO LISUSE MUHOOZI KEINARUGABA KYEYAKORA SSABASAJJA KABAKA RONALDO MUTEBI 11,https://www.youtube.com//watch?v=pTdzMwC1z9A,21K views,21000.0
57,3 months ago,AKASATIRO EMENGO NE MU STATE HOUSE MUSEVENI WAMU NE MAYIGA OBULAMU BWA KABAKA BUBATADDE KUBUNKENKE,https://www.youtube.com//watch?v=qJs4Wi6PUm0,34K views,34000.0
58,3 months ago,DR KIZITO LWANGA WAS ELIMINATED BECAUSE HE WAS TRYING TO SAVE KABAKA RONALDO MUTEBI 11,https://www.youtube.com//watch?v=RMvJrvfBzT0,17K views,17000.0
59,3 months ago,OBUTWA OBWAWEBWA KABAKA MUTEBI BUBIZADE PETER MAYEGA NE MUSEVENI GABAMYUSE,https://www.youtube.com//watch?v=2zP8VIpdfiU,33K views,33000.0
60,3 months ago,BWIINO AKWATA KUBALI MULUKWE LWOKUSANYAWO SSABASAJJA KABAKA RONALD MUTEBI OBUGANDA BULI MUMATIGA,https://www.youtube.com//watch?v=djZ8dDOBCaA,24K views,24000.0
61,3 months ago,OBUTAMANYA BUVVO NA BUDDO BWAFE GWEMUSINGI GWEBIZIBU FENA EBITUTAWANYA NGA ABAGANDA NE BANAUGANDA,https://www.youtube.com//watch?v=dnNg8rCoAjM,13K views,13000.0
62,3 months ago,MASSAGE FROM PRESIDENT ELECT KYAGULANYI SENTAMU ROBERT AKA BOBI WINE TO ALL NUP/ P.POWER,https://www.youtube.com//watch?v=Fg5uyLSLcS0,9.6K views,9600.0
63,4 months ago,MUSEVENI ALI MUKUTYA TAMANYI KYAGULANYI SENTAMU KIKI KYAZAKO,https://www.youtube.com//watch?v=UQQkttntxtA,16K views,16000.0
64,4 months ago,BA ARMY GENERALS BAKIRIZIGANYIZA NTI BAJJEWO BOBI WINE NGA 12/05/2021 TELUNATUKA,https://www.youtube.com//watch?v=A-XWAYFPH9s,28K views,28000.0
65,4 months ago,EKIRI ERUBAGA KITOKOTA SIKISANIKIRE EKEREZIYA YEYAWUDEMU OLWENFA YA DR CYPRIAN KIZITO LWANGA MILANGA,https://www.youtube.com//watch?v=5UFR9ReUGgM,32K views,32000.0
66,4 months ago,BWIINO AKWATA KUNFA YA DR KIZITO LWANGA NABO ABAGENDA OKUTIBWA MUBWANGU KUBIRAGIRO BYA MUSEVENI,https://www.youtube.com//watch?v=ROILuVWgjcM,45K views,45000.0
67,4 months ago,TO ALL BLOGGER'S WE MUST SUPPORT AND PROTECT KYAGULANYI SENTAMU AGAINST GOVERNMENT BLOGGERS,https://www.youtube.com//watch?v=QHDhYmA1jXI,17K views,17000.0
68,4 months ago,MUSEVENI TAKYEBAKA TAMANYI BOBI WINE KYAZAKO ATE NGA ABABANJJA MUSEVENI NABO BAMULI BUBI NYO,https://www.youtube.com//watch?v=Pry8oxpDMIs,23K views,23000.0
69,4 months ago,PLAN YA MUSEVENI OKUTEKA ABANA BA NAMBI MU CONCENTRATION CAMPS EWEDDE ATANDIKIRA MUKONO NE KAYUNGA,https://www.youtube.com//watch?v=XdVDwBSeXuw,17K views,17000.0
70,4 months ago,"AKASAMBATUKO MUSEVENI BAMUTADEKO EKIBALUWA KIBAKUNTUMYE EKYENSIYONA ICC,UN,AU EU BONA BAMWESAMBYE",https://www.youtube.com//watch?v=C8Fq1WB8ySs,27K views,27000.0
71,4 months ago,"TO ALL NUP BLOGGERS LETS NOT BLAME BOBI WINE, WE MUST BLAME MUSEVENI WHO  IS KILLING UGANDANS WE WON",https://www.youtube.com//watch?v=-cuknpb7gc8,12K views,12000.0
72,4 months ago,OBUNKENKE MU STATE HOUSE KU ANI ANASIKIRA MUSEVENI BAKOMEZAWO AMAMA MBABAZI NGA VICE PRESIDENT,https://www.youtube.com//watch?v=-dgE7VxtNA0,24K views,24000.0
73,4 months ago,OPEN ROOF GOES DIRECTLY TO MUHOOZI AND NYEREKO  MUHAMMAD STOP KIDNAPPING UGANDANS,https://www.youtube.com//watch?v=FJqLPUhJj9U,13K views,13000.0
74,4 months ago,FRED NYANZI ASIMATUSE OLUKWE LWO KUMUTTA NSEREKO MUHAMMAD NE MUHOOZI BEBADDE EMABEGA WOLUKWE LUNO,https://www.youtube.com//watch?v=k9xk2i6s0B0,17K views,17000.0
75,4 months ago,BREAKING NEWS NUBIAN LEE & HON JAMES MUBIRU  ARE IN CRITICAL CONDITIONS TRANSFERRED BACK TO NAKASERO,https://www.youtube.com//watch?v=TS1O1_wM420,19K views,19000.0
76,4 months ago,HIGH COURT JUDGEMENT IS DIVERTING US FROM CLAIMING OUR VICTORY LETS STAY FOCUSED,https://www.youtube.com//watch?v=jpN54b-SMTg,13K views,13000.0
77,4 months ago,ABBEY WALUSIMBI IS ON MISSION TO FINISH ME ON ORDERS OF MUSEVENI HE ASSIGNED  2 WHITE MEN &2LADIES,https://www.youtube.com//watch?v=CeYy-Eb60Co,19K views,19000.0
78,4 months ago,ORDER BEYOND ABOVE FORCED MUSEVENI TO RELEASE KYAGULANYI SENTAMU ROBERT AND HIS NUP LEADERS,https://www.youtube.com//watch?v=O0UW72N1LAw,20K views,20000.0
79,4 months ago,ABASAWO BEKINANSI OKUVA CONGO NE TANZANIAN BALABUDDE MUSEVENI NTI OBUDDE BUMUWEDEKO,https://www.youtube.com//watch?v=1nT8Pr9y_Jg,24K views,24000.0
80,4 months ago,SECURITY ALERTS TO ALL UGANDANS MOSTLY NUP LEADERS AND SUPPORTERS BE VERY CAREFUL WHENEVER YOU ARE,https://www.youtube.com//watch?v=SiDOuUBRR38,17K views,17000.0
81,4 months ago,ENKWE MUSEVENI ZAPANGIRA KYAGULANYI SENTAMU ROBERT NE NUP OKUGISANYAWO,https://www.youtube.com//watch?v=X3x2I3odY44,16K views,16000.0
82,4 months ago,SECURITY ALERTS TO ALL UGANDANS,https://www.youtube.com//watch?v=8yyf-vQSvPw,8.6K views,8600.0
83,5 months ago,ENTEBE MU NTEBE MISSION ETANDISE MUSEVENI ALI MUKUTYA AMAGYE  GALINDA KWEGATA KU BANAUGANDA,https://www.youtube.com//watch?v=kYAgmAK2ax8,18K views,18000.0
84,5 months ago,SSABASAJJA  KABAKA WA BUGANDA AZEMU OKUKYARAKO EWAKASUJJA MUGWANGA LYA KENYA YETAGA OKUSABILA ENYO,https://www.youtube.com//watch?v=4teb43v5JRI,15K views,15000.0
85,5 months ago,AGOKYA! ESAWA YONA COURT YA BANTU ETANDIKA BULI OMU WARI WETEGEKE MUSEVENI AGENDA,https://www.youtube.com//watch?v=n_4nEWBdSYo,19K views,19000.0
86,5 months ago,BREAKING NEWS MUSEVENI IS RUNNING OUT CASH HE TOLD ALL SECURITY OPERATIVES TO USE GUNS TO GET MONEY.,https://www.youtube.com//watch?v=gcPoq3DfDqI,25K views,25000.0
87,5 months ago,ENKWE NO BUTAGARIZA BWANDIVARAKO OKUSANAWO KWOBWAKABAKA BWA BUGANDA,https://www.youtube.com//watch?v=qM8RFTOZ_zE,17K views,17000.0
88,5 months ago,SHOCKING NESW WILLY MAYAMALA WAS FRONTEND BY NSEREKO MUHAMMAD AND KIZZA BESIGYE TO CONTINUE NUP CASE,https://www.youtube.com//watch?v=Nb_M4dXD6T8,20K views,20000.0
89,5 months ago,PASTOR BUGINGO'S SECRET MISSIONS IN UGANDA AS 4 MILLION USA DOLLARS STOLEN FROM ODREK RWABWOGO,https://www.youtube.com//watch?v=_r-ciAEYJec,22K views,22000.0
90,5 months ago,"OBUNKENKE MU STATE HOUSE MUSEVENI APLANINGA KUDUKA MU GWANGA, BANISTER  ABAJEKO PASSPORT",https://www.youtube.com//watch?v=ImIhqvEkEmM,25K views,25000.0
91,5 months ago,OBUNKENKE EMENGO ABAGANDA BEBUZA ANI YATUNDA EBIZINGA BYE SSESE,https://www.youtube.com//watch?v=HVtdwpZh0Uw,13K views,13000.0
92,5 months ago,UGANDA EYOREKEDDE OKUSIBWAKO NATTI  OLWOKORAGANA NE NORTH KOREAN OKUWESA EBYOKURWANYISA NAMUZISA,https://www.youtube.com//watch?v=J8xS8m_1sI4,13K views,13000.0
93,5 months ago,MUSEVENI HANDED OVER UGANDA TO NORTH KOREAN AND CHINA,https://www.youtube.com//watch?v=uMmTKZV5zjM,14K views,14000.0
94,5 months ago,MUSEVENI MASTERMINDED THE  DEATH OF THE LATE ARCHBISHOP JONNANI JAKALIYA LUWUM BY MISLEAD AMIN DADA,https://www.youtube.com//watch?v=sglftr9Ex7M,9.3K views,9300.0
95,5 months ago,KYAGULANYI SENTAMU ATADDE COURT KU MINZANI NTI ABALAMUZI BONA TABESIGA BAKORELA MUSEVENI,https://www.youtube.com//watch?v=CKgCL8f1k28,9.7K views,9700.0
96,5 months ago,CHARLES PETER MAYIGA WAS GIVEN 38 BILLION SHILLINGS TO COMPROMISE ALL ELECTED NUP LEADERS IN BUGANDA,https://www.youtube.com//watch?v=M8oOaNwCX9Q,8.4K views,8400.0
97,5 months ago,BWIINO WA WOKUWAMBA BANAUGANDA YAVVA DA NYO   NGA MUSEVENI YE MASTER PLANNER,https://www.youtube.com//watch?v=8j1q5WHKo9k,7.8K views,7800.0
98,5 months ago,MUSEVENI BYASIBA BIKUTUKA ANTI UN NE EU BAMWEGANYE BO BAMANYI KYAGULANYI SENTAMU NGA PRESIDENT WA UG,https://www.youtube.com//watch?v=b0UfeF_ttVI,13K views,13000.0
99,5 months ago,EC BOSS SIMON BYABAKAMA IS PLANING TO RUN OUT THE COUNTRY ON ORDERS OF MUSEVENI.,https://www.youtube.com//watch?v=8Tu3hTEM8GQ,10K views,10000.0
100,5 months ago,BREAKING NEWS: MIRAMBO EJASURIDWA EMPIGI JONA JAKUNGANYIZIDWA OKUVA MU SAFE HOUSE'S EZENJAWURO,https://www.youtube.com//watch?v=ksuBrisOhx4,8K views,8000.0
101,6 months ago,MENGO GOVERNMENT IS QUITE AS MUSEVENI KEEPS ON KIDNAPPING YOUTH FROM BUGANDA REGION,https://www.youtube.com//watch?v=R06ZUvb5bJ0,6.6K views,6600.0
102,6 months ago,BWIINO WA DRONES EZIWAMBA ABAWAGIZI BA NUP OKWETOLORA EGWANGA AMANYA GABWE NE BIFANANYI BYEBWE,https://www.youtube.com//watch?v=x84jVs0jiJU,8.7K views,8700.0
103,6 months ago,SEAT HOME DEMONSTRATION IS ONLY ANSWERS TO END MUSEVENI'S REGIME,https://www.youtube.com//watch?v=_t90tcUZNSk,6.8K views,6800.0
104,6 months ago,MUSEVENI BUSY USING PROPAGANDA AND DIVERSIONS TO CAVE UP DRONE VANS AND KIDNAPPING YOUTH COUNTRYWIDE,https://www.youtube.com//watch?v=b6BSBxOL_Ds,7K views,7000.0
105,6 months ago,MUSEVENI IS NEXT IN ICC COURT AFTER DOMINIC OGWENE DUE TO THE HUMAN RIGHTS ABUSE,https://www.youtube.com//watch?v=KLw-HUFFQ9c,9.3K views,9300.0
106,6 months ago,ITS MUSEVENI  WHO INFLUENCED LATE MILITON TO ATTACK SIR EDWARD MUTESA AND MENGO PLACE 1966,https://www.youtube.com//watch?v=yHH0C_lInsk,7K views,7000.0
107,6 months ago,Ssabalamuzi Wa uganda Akutudde MUSEVENI Omutima,https://www.youtube.com//watch?v=dy0EKD2eHQg,11K views,11000.0
108,6 months ago,BOBI WINE ALINA  DR- FORMS OBUJJULIZI BWA 30000 MUSEVENI ALIMUKUTYA,https://www.youtube.com//watch?v=Y_q2tb3k2iM,25K views,25000.0
109,6 months ago,"I AM THE COURT OF LAW IN UGANDA, I AM THE PRESIDENT, I OWN THIS COUNTRY UGANDA SAYS MUSEVENI",https://www.youtube.com//watch?v=prC5WcJ7dno,11K views,11000.0
110,6 months ago,PASTOR BUGINGO WAS GIVEN 6 BILLIONS SHILLINGS TO CAMPAIGN KYAGULANYI SENTAMU ROBERT BUT HE FAILED,https://www.youtube.com//watch?v=vnvUIAJczfg,11K views,11000.0
111,6 months ago,TIME FOR ACTION BECAUSE MUSEVENI HAS BLOCKED ALL DEMOCRATIC WAYS OF CHANGING LEADERSHIP IN UGANDA.,https://www.youtube.com//watch?v=IMrO95oQeIc,11K views,11000.0
112,6 months ago,GWEBAWADE SENTE OKWOKYA EC STORES NE HEAD OFFICE ZA EC YADUSE NE SENTE OBUKEDDE 400,https://www.youtube.com//watch?v=Z5izhgJjXlU,11K views,11000.0
113,6 months ago,MUSEVENI ALI MUKUTYA UN NE AMERICA BAMUGAMBYE AWEYO OBUYINZA ERI BOBI WINE OBA TEYEJJUSA EKIDAKO,https://www.youtube.com//watch?v=1OPjEjzZLbQ,13K views,13000.0
114,6 months ago,MUSEVENI AYAGALA KUSISINKANA KABAKA WA BUGANDA KU NSONGA ZA KYAGULANYI SENTAMU ROBERT,https://www.youtube.com//watch?v=8UmB7oPmmGA,20K views,20000.0
115,6 months ago,OLUKWE LWOKUTTA BOBI WINE MUSEVENI ALUKWASIZA MUHOOZI NE SFC,https://www.youtube.com//watch?v=v_fx5D0aWnQ,16K views,16000.0
116,6 months ago,BREAKING NEWS MUSEVENI IS PLANNING TO FINISH BOBI WINE TODAY AT 7PM UGANDAN TIME,https://www.youtube.com//watch?v=bfkrVl3z64Y,15K views,15000.0
117,6 months ago,OPEN ROOF GOES DIRECTLY TO MUHOOZI AND YOUR FATHER YOSERI TIBAHABURWA TUBAKOYE,https://www.youtube.com//watch?v=i_t77_SOzN8,9.1K views,9100.0
118,6 months ago,KYAGULANYI SENTAMU ROBERT IS CURRENTLY UNDER HOUSE ARREST NO ONE ALLOWED TO VISIT HIM,https://www.youtube.com//watch?v=v0HrSJKNsOo,3.8K views,3800.0
119,6 months ago,MISSION 2021 ETANDIKA BUTANDISI MUSEVENI ALIMUKUTYA,https://www.youtube.com//watch?v=R7hj5Jl-PVo,6.6K views,6600.0
120,6 months ago,MUSEVENI IS READY TO USE MILITARY TO TAKE OUR POWER AGAIN,https://www.youtube.com//watch?v=PpeF-gz8qVc,3.4K views,3400.0
121,6 months ago,MUSEVENI DEPLOYED ARMY COUNTRYWIDE AS HE PLANS TO ARREST KYAGULANYI SENTAMU BEFORE ELECTIONS,https://www.youtube.com//watch?v=O-iuFaifTQI,10K views,10000.0
122,6 months ago,OPEN ROOF GOES DIRECTLY TO FIRST FAMILY AND NRM BLOGGERS,https://www.youtube.com//watch?v=zFBt8kSGnmA,13K views,13000.0
123,7 months ago,BA GENERAL MU MAGYE BAWUKANYIZA ENDOWOZA NE MUSEVENI MUBINAVA MUKULONDA,https://www.youtube.com//watch?v=xxqirBRH_Ow,13K views,13000.0
124,7 months ago,MUSEVENI WAS PLANING TO KIDNAP BOBI WINE'S FAMILY BEFORE ELECTIONS TO WEAKEN HIM & ABANDON THE RACE,https://www.youtube.com//watch?v=1kU54LA3fac,14K views,14000.0
125,7 months ago,BOXERS AND BODYBUILDERS ALL DEPLOYED BY STATE HOUSES TO ATTACK BOBI WINE ON ELECTION DAY,https://www.youtube.com//watch?v=mm0tnVjbq3E,10K views,10000.0
126,7 months ago,AMAGYE NE MILITARY GAWAMBYE OBUYINZA BWA COURT ZAMATEKA KUBIRAGIRO BYA MUHOOZI,https://www.youtube.com//watch?v=vy0tD-A-1h0,11K views,11000.0
127,7 months ago,MUSEVENI DEPLOYED CHARLES PETER MAYIGA IN BUGANDA TO BLOCK ANY POWERFUL MUGANDA AS HE DOES TO BOBI,https://www.youtube.com//watch?v=1ytxNzVvehg,9.8K views,9800.0
128,7 months ago,MILITARY & STATE HOUSE WILL TAKE OVER ALL POWERS OF ELECTORAL COMMISSION & OVER POWER TO MUSEVENI,https://www.youtube.com//watch?v=ppZ372U6TXQ,18K views,18000.0
129,7 months ago,NEW YEAR MASSAGE TO ALL UGANDANS WHO NEED CHANGE AND MUSEVENI'S DAYS ARE NUMBERED,https://www.youtube.com//watch?v=2McJK_nXTFs,13K views,13000.0
130,7 months ago,SFC ARRESTED BOBI WINE AND LATE NIGHT ZEBRA REFUSED A DEAL TO  KILL KYAGULANYI SENTAMU,https://www.youtube.com//watch?v=RmGCj-ZduDk,13K views,13000.0
131,7 months ago,SFC IS UNCONSITUTIONAL FORCE WAS FORMED TO PROTECT MUSEVENI AND HIS FAMILY PLUS THEIR PROPERTIES,https://www.youtube.com//watch?v=Pnohpg3VCVE,10K views,10000.0
132,7 months ago,OLUKWE RWOKUSANYAWO BOBI WINE LUGUDDE BUTAKA ASHRAF KASIRYE YAWONYEZA KYAGULANYI,https://www.youtube.com//watch?v=rHSAlbvCPn8,12K views,12000.0
133,7 months ago,OBUNKENKE MU STATE HOUSE MUSEVENI NE SFC BAGALA KWEDIZA BUYINZA BWA EC,https://www.youtube.com//watch?v=VV_mBxRnrZw,14K views,14000.0
134,7 months ago,KITALO NYOO BANADINI BATULIDEMU OLUKWE NEBASARAWO OKWONGELA MUSEVENI EKISANJA KYA MWAKA 3 BWEDDU,https://www.youtube.com//watch?v=bsIyxqMaBAA,22K views,22000.0
135,7 months ago,MUSEVENI ALI MU KUTYA AYAGALA KUGALAWO GWANGA ATIDDE AKALULU,https://www.youtube.com//watch?v=uRZm1eHyEv0,12K views,12000.0
136,7 months ago,OMULIMU GWOKUSANYAWO OBWAKABAKA  BWA BUGANDA CHARLES PETER MAYIGA ANATELA OKUGUTUKILIZA,https://www.youtube.com//watch?v=6JgIC15wwdU,9.1K views,9100.0
137,7 months ago,BOBI WINE HAS PUT MORE PRESSURE ON MUSEVENI HAS TURNED TO OBOTE'S TACTICS TO RIDGE ELECTIONS,https://www.youtube.com//watch?v=kbf7eGlJyHg,16K views,16000.0
138,7 months ago,MUSEVENI PLANS TO STOP PRESIDENTIAL CAMPAIGNS AND EVEN EXTEND ELECTIONS BY USING MILITARY,https://www.youtube.com//watch?v=5HXAW5NmgHc,15K views,15000.0
139,7 months ago,THE FIRST FAMILY LED BY MUSEVENI PLANS TO FINISH BOBI WINE BEFORE 14/01/2021 KALE KAYIHURA IS BACK,https://www.youtube.com//watch?v=oR6R0gbDDzU,16K views,16000.0
140,7 months ago,KITALO NYO NAMASOLE SARAH NATOOLO ASEEREDDE,https://www.youtube.com//watch?v=GkKupwAPim4,8.7K views,8700.0
141,7 months ago,OLUKWE RWOKUTWALA ETAAKA  LYA BUGANDA NE BUSOGA ZIWEDDE NGA BAKOZESA SENTE ENFU KUBIRAGILO BYA M7,https://www.youtube.com//watch?v=I2QVwvVx2Ec,12K views,12000.0
142,7 months ago,OBUNKENKE BWEYONGEDE MU GWANGA MUSEVENI ALIMUKUTYA AMERICA EMUNONYA NE BANE BONA,https://www.youtube.com//watch?v=E9APZyKesQ8,18K views,18000.0
143,8 months ago,HOW MUSEVENI DIVIDED OBUGABE BWA ANKOLE AND THE KING OMUGABE IS NOT SAFE AND HIS FAMILY MEMBERS,https://www.youtube.com//watch?v=Dq6u81-bQBo,10K views,10000.0
144,8 months ago,BWIINO WOKUSANYAWO BANADINI NA BASUBUZZI NOBWAKABAKA ATIISA,https://www.youtube.com//watch?v=eu62V-eX-vM,14K views,14000.0
145,8 months ago,BILLIONS OF MONEY FROM UGANDAN MINERALS IS SHARED BY FIRST FAMILY,https://www.youtube.com//watch?v=vfhleIfotQA,12K views,12000.0
146,8 months ago,KITALO NYO ENFA YA SHEIKH MUZAATA BATE ETISA BAMUTISIZA BUTWA,https://www.youtube.com//watch?v=cplChAyOwHI,29K views,29000.0
147,8 months ago,UGANDA AS A COUNTRY DOESN'T OWN ANY SHARE ON OIL MUSEVENI LEASED OUR OIL TO AN ITALIAN COMPANY,https://www.youtube.com//watch?v=iXqn7f8j0KM,16K views,16000.0
148,8 months ago,MUHOOZI DETERMINED TO FINISH BOBI WINE BY ALL MEANS TO PROTECT 50 YEAR MASTER PLAN,https://www.youtube.com//watch?v=nYyvi4Fxjjo,15K views,15000.0
149,8 months ago,GOVERNMENT YAKUJJAWO OBWANANYINI KU TAAKA MU GWANGA LYONA WAMU NO KUJAWO OBWAKABAKA BWONA,https://www.youtube.com//watch?v=R2AUfwF9vm0,10K views,10000.0
150,8 months ago,OBULIMBA BWA MUSEVENI BUMUZALIDDE EBITUKULA ABANTU BAMUKOYE BAGALA CHANGE,https://www.youtube.com//watch?v=uZQ09k1-Cbc,18K views,18000.0
151,8 months ago,MUSEVENI IS ON PRESSURE AS KYAGULANYI SENTAMU ROBERT CAMPAIGNS KEEP ON GROWING IN NUMBERS,https://www.youtube.com//watch?v=YPmHqQ5iJpU,15K views,15000.0
152,8 months ago,OPEN ROOF GOES DIRECTLY TO FRANK GASHUMBA STOP FOOLING UGANDANS,https://www.youtube.com//watch?v=8nsU7z1F_YY,10K views,10000.0
153,8 months ago,SFC ARMY POLICE ON ORDERS OF MUHOOZI AND MUSEVENI TO ARREST NUP/ PEOPLE POWER SUPPORTERS COUNTRYWIDE,https://www.youtube.com//watch?v=MzDM-RS_0gs,9.8K views,9800.0
154,8 months ago,KALE KAYIHURA AND HIS HITSQUAD LED BY SOOBI IS BACK TO HUNT BOBI WINE AND NUP SUPPORTERS,https://www.youtube.com//watch?v=5nEXZGS8deI,19K views,19000.0
155,8 months ago,RECKLESS KILLINGS OF UGANDANS MIGHT CAUSE MUSEVENI'S DOWNFALL SOON,https://www.youtube.com//watch?v=OwAqFJCtcUo,11K views,11000.0
156,8 months ago,BOBI WINE NEEDS MORE PRAYERS AND IMMEDIATE MEDICAL TREATMENT MUHOOZI WANTS HIM DEAD,https://www.youtube.com//watch?v=g8bxSdxTjPs,16K views,16000.0
157,8 months ago,THE ARREST OF BOBI WINE WAS ENDORSED BY CHARLES PETER MAYIGA IN THE MEETING HOSTED BY MUSEVENI,https://www.youtube.com//watch?v=mHNYiC3nda8,15K views,15000.0
158,8 months ago,MUHOOZI AKUBYE  EC BOSS SIMON BYABAKAMA EMPI RWAKUJEMERA KIRAGIROBYE,https://www.youtube.com//watch?v=rdQAMpUr08E,43K views,43000.0
159,8 months ago,GWANGA MUJJE MUSEVENI ATIDDE NYOO ARAGIDE SFC OKUTTA BOBI WINE MUGERI YONA ESOBOKA NGA TANATUKA CITY,https://www.youtube.com//watch?v=oBP04RHZM2Q,16K views,16000.0
160,8 months ago,MUSEVENI IS IN TOTAL PANIC DUE TO NUP POLITICAL PRESSURE  OVER  UGANDA LED BY KYAGULANYI SENTAMU,https://www.youtube.com//watch?v=mJ4Sy-GGDUs,10K views,10000.0
161,8 months ago,BWIINO WA SK MBUGA OMUKAMBWE SENTE ZONA NOBUGAGA YABUJJA MU KUFERA BANTU,https://www.youtube.com//watch?v=WzN5JR4znwE,9.2K views,9200.0
162,8 months ago,MUSEVENI ALI MUKUTYA AMANYI GA KYAGULANYI SENTAMU ROBERT GYEGAVA TAKYEBAKA,https://www.youtube.com//watch?v=8Ps2sKeKb5Y,11K views,11000.0
163,9 months ago,UGANDANS INFORMED MUSEVENI WE DONT LOVE YOU ANYMORE WE LOVE KYAGULANYI SENTAMU ROBERT BOBI WINE,https://www.youtube.com//watch?v=9nBz6JFgvvc,17K views,17000.0
164,9 months ago,ALL RETURNED BUGANDA LAND TITLES WERE MISS MANAGED BY BUGANDA LAND BOARD ON ORDERS OF MAYIGA,https://www.youtube.com//watch?v=CghaQ2iOdJU,6.3K views,6300.0
165,9 months ago,OPEN ROOF DIRECTLY TO MUHOOZI AND HIS FATHER YOSERI TIBAHABURWA RUTABAYISIRWA MUSEVENI,https://www.youtube.com//watch?v=vRQQ9bfPVqw,23K views,23000.0
166,9 months ago,MUSEVENI ALI KU BUNKENKE ANTI OBUWAGIZI TALINA ATE NGA OLUMBE LUMUBALA EMBILIZZI,https://www.youtube.com//watch?v=hDbSL2lmgUY,20K views,20000.0
167,9 months ago,OBWAKABAKA BWA BUGANDA BWOREKEDDE OKUSANOWA MAYIGA NE KIWALABYE MALE BEBALI MULUKWE,https://www.youtube.com//watch?v=7dBMfuKKATo,9.1K views,9100.0
168,9 months ago,THE REAL STRUGGLE OF REMOVING NRM AND MUSEVENI OUT UGANDA STARTS ON 03/11/2020,https://www.youtube.com//watch?v=TJWrUj8Xtrs,9.6K views,9600.0
169,9 months ago,UGANDAN GOVERNMENT OFFICIALS INCLUDING MUSEVENI ARE USING TAXPAYERS FUNDS TO DEVELOP RWANDA,https://www.youtube.com//watch?v=MhavegfwNv4,8.5K views,8500.0
170,9 months ago,PRESSURE IS GROWING ON NRM AND MUSEVENI ALL SIGNS SHOW KYAGULANYI IS BEST CANDIDATE,https://www.youtube.com//watch?v=AYl0n90PjpE,7K views,7000.0
171,9 months ago,ISO AND UPDF BUSY  PLANING TO BLOCK KYAGULANYI SENTAMU ROBERT FROM BEING NOMINATED ON 3/11/2020,https://www.youtube.com//watch?v=r1eNoUFM-gA,7.9K views,7900.0
172,9 months ago,ENONO NO BUWANGWA BWA BUGANDA BULI MUMATIGGA AMAGYE GEDIZZA BULIKIMU EKYA BUGANDA,https://www.youtube.com//watch?v=K67TuX38O7Q,6.3K views,6300.0
173,9 months ago,SALIM SALEH AND MUSEVENI HAVE JOINTLY DEPLOYED FOREIGN ARMED TROOPS INTO DIFFERENT PARTS OF UGANDA,https://www.youtube.com//watch?v=giEKcQZelRs,16K views,16000.0
174,9 months ago,MUSEVENI ATIDDE OKULONDA ATE NGA NOBULAMU BWE BULIMUMATIGA TASULEWO TAKESE  YALI KUMUMWA,https://www.youtube.com//watch?v=Fu1OBJgkrHM,9.3K views,9300.0
175,9 months ago,KYANAKU ATE NGA KYEWUNYISA NTI MUSEVENI YATTA KITAWE OKWEKA OBUVOBWE NO' BUDDO,https://www.youtube.com//watch?v=TI3vMajAad4,9.7K views,9700.0
176,9 months ago,CHARLES PETER MAYIGA SPYS ON CATHOLIC CHURCH AS WELL ON HIS BOSS THE KAKABA RONALD MUTEBI,https://www.youtube.com//watch?v=ijr2D_iNYh8,7.4K views,7400.0
177,9 months ago,SFC AND MILITARY PLANING TO INVADE THE HOME OF NUP PRESIDENT KYAGULANYI SENTAMU ROBERT AK BOBI WINE,https://www.youtube.com//watch?v=7loQcDwbmTE,9K views,9000.0
178,9 months ago,ZINO ZZE NSONGA LWAKI EKITEBE KYA NUP NE PEOPLE POWER EKAMOKYA SFC YAKILUMBYE,https://www.youtube.com//watch?v=aStvoIldpLQ,9.7K views,9700.0
179,9 months ago,KYAGULANYI SENTAMU SHOULD NOT MEET KATIKILO MAYIGA HE IS SENT BY MUSEVENI TO TRICK HIM,https://www.youtube.com//watch?v=8dVX1BrtYfc,13K views,13000.0
180,9 months ago,MAYIGA NE MUKAMAWE MUSEVENI BAGALA KUSANYAWO OBWAKABAKA BWA BUGANDA BEDIZE ETAAKA LYONA,https://www.youtube.com//watch?v=7gaOXAlLtPA,8.2K views,8200.0
181,10 months ago,BWIINO WA MUSEVENI NOBUFERE BWAKOZESEZA OKUFUGA UGANDA MYAKA 35 NGA ATE SIMUNA UGANDA,https://www.youtube.com//watch?v=h002OUPM36k,16K views,16000.0
182,10 months ago,MUSEVENI DEPLOYED DP BLOCK IN NUP TO DESTROY KYAGULANYI SENTAMU ROBERT AND PEOPLE POWER,https://www.youtube.com//watch?v=dFP_IZADtn4,14K views,14000.0
183,10 months ago,99% OF ALL OPPOSITION POLITICIANS IN UGANDA CONTROLLED BY MUSEVENI TO DISTRACT KYAGULANYI SENTAMU,https://www.youtube.com//watch?v=MdvbotXq3K4,9.9K views,9900.0
184,10 months ago,EBISIGARILA BYA SSEKABAKA KIYIMBA NABYO BYABIDWA OBUGANDA BULIMUMATIGA,https://www.youtube.com//watch?v=EwslaKZJShs,5.3K views,5300.0
185,10 months ago,OBUNANFUSI NOBUJJOZI MU OPPOSITION OKULEMESA KYAGULANYI SENTAMU AKA BOBI WINE OBWA PRESIDENT,https://www.youtube.com//watch?v=a2o0z_pULKM,9.3K views,9300.0
186,10 months ago,BWIINO AKWATA KU NANDALA MAFABI NOBUFERE BWA FDC MU OPPOSITION,https://www.youtube.com//watch?v=t9ruqL9qxzQ,7K views,7000.0
187,10 months ago,PRESSURE IS MOUNTING AMONG POLITICAL PARTIES AGAINST NUP AND KYAGULANYI SENTAMU ROBERT,https://www.youtube.com//watch?v=IkRh2ae8RQA,15K views,15000.0
188,10 months ago,A MUST WATCH BWIINO OMUPYA KUBA MBEGA BA MUSEVENI MU OPPOSITION,https://www.youtube.com//watch?v=S4c5iF1pSmU,1.6K views,1600.0
189,10 months ago,MAYIGA PETER KATI AKOLERA KUBAGIRO BYA MUSEVENI EBYA SSABASAJJA KABAKA MUTEBI YABIVAKO DA NYO,https://www.youtube.com//watch?v=TAIK0vDvMF0,6.9K views,6900.0
190,10 months ago,MUSEVENI AND HIS CORRUPT OFFICIALS SLOWLY LEADING UGANDA IN WRONG DIRECTION,https://www.youtube.com//watch?v=Hql-UfbtT4I,9.7K views,9700.0
191,10 months ago,OPEN LETTER TO MUSEVENI AND YOUR BROTHER SALIM SALEH FREE UGANDANS,https://www.youtube.com//watch?v=KTawNmTRAsQ,14K views,14000.0
192,10 months ago,OPEN ROOF FROM AUNT KADUUKA CLOWEI YAKOWA ENKWE MU OPPOSITION,https://www.youtube.com//watch?v=kROBTGyiLXQ,2.7K views,2700.0
193,10 months ago,A MUST WATCH FOR THE BEST OF OUR STRUGGLE BY MR TONNY LUKWONGWA,https://www.youtube.com//watch?v=e3qCZxz9M1c,3.2K views,3200.0
194,10 months ago,PETER MAYIGA NE MUSEVENI BEBALI EMABEGA WOBUFERE BWE TAAKA MU BUGANDA WAMU NOKUSANYAWO OBWAKABAKA,https://www.youtube.com//watch?v=_D1t6pk3EjY,6.5K views,6500.0
195,10 months ago,PLAN EMPYA MUSEVENI ZATESETESE OKUTIRAMU KYAGULANYI SENTAMU AKA BOBI WINE NOKUMUREMESA OKWESIMBAWO,https://www.youtube.com//watch?v=1CCLEX7UsBM,10K views,10000.0
196,10 months ago,MUSEVENI'S LAST  MISSION  2 STOP KYAGULANYI SENTAMU USING MOSES KIBALAMA FAILD & EXPOSED IN DETAILS,https://www.youtube.com//watch?v=WUhW8A7GSZQ,10K views,10000.0
197,10 months ago,FELLOW @STELLAHOLIC COLLECTIONS ON INSTAGRAM FOR ALL UR GOODS FROM TURKEY +905378177459,https://www.youtube.com//watch?v=BCo_zcnj0Y8,1.4K views,1400.0
198,10 months ago,"ENKWE, OBULIMBA, OBUYAYE, NOBUFERE BWA FAMILY YA MUSEVENI BUZUUSE NAYE BWEWUNYISA",https://www.youtube.com//watch?v=0OY2YEOjvs8,13K views,13000.0
199,10 months ago,BUGANDA KINGDOM IS OFFICIALY CONTROLLED BY MAYIGA UNDER THE ODERS OF MUSEVENI,https://www.youtube.com//watch?v=aS4R61jxH7U,8.9K views,8900.0
200,10 months ago,COMPANIES SOLD BY MUSEVENI THAT HAVE CAUSED MASSIVE UNEMPLOYMENT DURING THIS TENURE,https://www.youtube.com//watch?v=n11JVtDBj4I,11K views,11000.0
201,10 months ago,NUP MEMBERS WE MUST BE STRONG THAN EVER BEFORE OMUYAGA GUJJA TWENYEZZE,https://www.youtube.com//watch?v=Rj-ProFyNHY,6.7K views,6700.0
202,11 months ago,ELECTORAL COMMISSION CHEATING TACTICS EXPOSED   WHICH FAVORS MUSEVENI AND NRM,https://www.youtube.com//watch?v=vt7hi_xKRSc,10K views,10000.0
203,11 months ago,OBWAKABAKA BWA BUGANDA BULI MUMATIGGA ANTI EBIFO BYONA EBYO BUWANGWA BITUNDIDWA,https://www.youtube.com//watch?v=viPubNklI9M,8.4K views,8400.0
204,11 months ago,MUSEVENI'S ORIGIN AND JANET KEMBABAZI EXPOSED,https://www.youtube.com//watch?v=TuU_aSzB7wo,9.9K views,9900.0
205,11 months ago,UGANDANS NEED MUSEVENI'S ACADEMIC PAPER'S AS KYAGULANYI SENTAMU AKA BOBI WINE DID,https://www.youtube.com//watch?v=7HRv_BD_tOg,12K views,12000.0
206,11 months ago,OPEN ROOF TO NRM AGENTS PLUS THEIR BOSS MUSEVENI,https://www.youtube.com//watch?v=58VuGVCxMPM,12K views,12000.0
207,11 months ago,HIS MAJESTY KABAKA RONALD MWENDA MUTEBI 2 IS FINE AND SAFE BUT WE NEED OUR KING BACK,https://www.youtube.com//watch?v=00vHM2Tbn_8,10K views,10000.0
208,11 months ago,MUSEVENI IS NOT WILLING TO HAND OVER POWER TO CIVILIAN,https://www.youtube.com//watch?v=TW7UX-bdrnA,9.8K views,9800.0
209,11 months ago,MUSEVENI'S PLANS TO STOP KYAGULANYI SENTAMU TO ON BALLOT PAPER 2021 EXPOSED,https://www.youtube.com//watch?v=3q-B08bRlbc,16K views,16000.0
210,11 months ago,BAMBEGA NE MISEGE MU NUP BATANDISE OKWEJJAYO MPOLA MPOLA,https://www.youtube.com//watch?v=nSO_8rYEY4g,17K views,17000.0
211,11 months ago,UNMASKING THE LIES AND PHOTOSHOP SURROUNDING HISHIGHNESS KABAKA MUTEBI,https://www.youtube.com//watch?v=ajH7GGKg7fY,24K views,24000.0
212,11 months ago,BASAJJA MIVULE MBEGA WA MUSEVENI  ASASUDWA OKWONONA ELINYA LYA KYAGULANYI SENTAMU AKA BOBI WINE,https://www.youtube.com//watch?v=7wiEXhvMOOU,21K views,21000.0
213,11 months ago,THE TRUTH ABOUT THE CURRENT SITUATION IN BUGANDA KINGDOM AND UGANDA,https://www.youtube.com//watch?v=qREzd-WcjN0,15K views,15000.0
214,11 months ago,HIS HIGHNESS THE KAKABA OF BUGANDA RONALD MWENDA MUTEBI 2 IS STILL ALIVE,https://www.youtube.com//watch?v=AD9N0vKKGVE,12K views,12000.0
215,11 months ago,OBULAMU BWA SSABASAJJA RONALD MUWENDA MUTEBI 2 BULI MUMATIGGAðŸ˜­,https://www.youtube.com//watch?v=HNQEkzKCqvE,21K views,21000.0
216,11 months ago,MUSEVENI USING HIS OLD TACTICS TO GET ATTENTION FROM THE PUBLIC,https://www.youtube.com//watch?v=yLVUuzLL8r8,13K views,13000.0
217,11 months ago,SSABASAJJA KABAKA AKIISE EBUSUJJA MUKOSEFU TUMUSABIRE,https://www.youtube.com//watch?v=snu-FnLVPxU,15K views,15000.0
218,11 months ago,OPEN ROOF TO NRM DIVERSIONS AGAINST NUP AND PEOPLE POWER,https://www.youtube.com//watch?v=rUiaBgJihKk,12K views,12000.0
219,11 months ago,N.U.P AND PEOPLE POWER WE ARE RUNNING OUT OF TIME  VILLAGE TO VILLAGE CAMPAIGN IS WHAT WE NEED MOST,https://www.youtube.com//watch?v=9m08kXVyy9E,9K views,9000.0
220,1 year ago,"70% OF BUGANDA KINGDOM LAND SOLD BY PETER MAYIGA, KIWALABYE MALE, DAVID WASAJJA, SARAH KAGELE, ETC",https://www.youtube.com//watch?v=pRiBc-22Kio,7.4K views,7400.0
221,1 year ago,ABDUL KITATA IS ON MISSION TO CONTROL PEOPLE POWER SUPPORTERS AND BODA BODA DURING ELECTIONS,https://www.youtube.com//watch?v=neN4neRJIXk,18K views,18000.0
222,1 year ago,EBYOBUGAGA BYA MUSEVENI NE BAMAFIA  BYEWUNYISA YENSONGA LWAKI TEBAGALA KUTTA ENTEBE,https://www.youtube.com//watch?v=VijyRFvUCbo,14K views,14000.0
223,1 year ago,BWIINO WA  ANDREW MWENDA NE MISSION EYAMURESE MU NUP,https://www.youtube.com//watch?v=gpDB9tpaGWM,17K views,17000.0
224,1 year ago,STRANDED UGANDANS IN MIDDLE EAST WAKE UP USE OTHER AVENUES TO GO BACK HOME LIKE TZ AND KENYA,https://www.youtube.com//watch?v=iRv7_Cs7V9Y,5.6K views,5600.0
225,1 year ago,MUSEVENI NE BANE AMAGEZI GABESIBYE BANAUGANDA BABAKOYE BALIMUKUTYA,https://www.youtube.com//watch?v=1D621cIq2wo,12K views,12000.0
226,1 year ago,OBUNKEKE MUGWANGA MUTO WA MUSEVENI YAFUGA UGANDA MUSEVENI AMANYI GAMUWEDE,https://www.youtube.com//watch?v=U-4L1gyHNvY,19K views,19000.0
227,1 year ago,PETER MAYIGA'S 10 YEARS PLAN OF ENDING KAKABA MUTEBI'S KINGDOMSHIP,https://www.youtube.com//watch?v=QTVKb_K1dlc,9.6K views,9600.0
228,1 year ago,UGANDANS ARE YOU READY? ANTI MUSEVENI ALIMUKUTYA EGWANGA LYAMUVA DA MUNGALO,https://www.youtube.com//watch?v=NvxT3JUxxx0,18K views,18000.0
229,1 year ago,ABATTA KASIRYE GWANGA BAGARA OKUTTA SSABASAJJA KABAKA MUTEBI NE KYAGULANYI SENTAMU,https://www.youtube.com//watch?v=hurBDf9AFwc,21K views,21000.0
230,1 year ago,ENKWE ZA KATIKILO PETER CHARLES MAYIGA OKUSANYAWO OBUGANDA,https://www.youtube.com//watch?v=Platx7vA-gA,6.8K views,6800.0
231,1 year ago,PANIC SURROUNDING NRM AND OPPOSITION IN UGANDA OVER( N. U. P) THEY FEAR WHAT THEY DON'T KNOW,https://www.youtube.com//watch?v=Uh3CF2J-gGo,13K views,13000.0
232,1 year ago,THE TRUTH ABOUT N. U. P WELL EXPLAINED BY PASTOR ANDREW MUWANGUZI,https://www.youtube.com//watch?v=dQ2ucYOxHlo,3.7K views,3700.0
233,1 year ago,A MUST WATCH CONNECTION 256 IS EXPOSING POLITICAL DIVERSION AND CORRUPTION IN MUSEVENI'S GOVERNMENT,https://www.youtube.com//watch?v=CsOdrzap3UA,6.5K views,6500.0
234,1 year ago,MUSEVENI KOMYA OKUWUDIISA EGWANGA TETULINA SENYINGA  OMUKAMBWE MULI MUKUBABUBI GWANGA,https://www.youtube.com//watch?v=SUO76urmBws,9.1K views,9100.0
235,1 year ago,IT IS NOW OFFICIAL THAT KYAGULANYI SENTAMU ROBERT WILL CONTEST IN 2021 UNDER( N.U. P),https://www.youtube.com//watch?v=8IFJuha9Sws,11K views,11000.0
236,1 year ago,FEAR IS OUR ENEMY IN THIS STRUGGLE WE MUST WAKE UP TO SAVE OUR COUNTRY UGANDA,https://www.youtube.com//watch?v=VP-PM5OVbWw,8.3K views,8300.0
237,1 year ago,ENSOBI NE NKWE EZAKOREBWA MUKUZAWO OBWAKABAKA BWA BUGANDA,https://www.youtube.com//watch?v=jnTt83_kJ6I,8.6K views,8600.0
238,1 year ago,ALL EYES ON KYAGULANYI SENTAMU ROBERT AND NRM PLUS OPPOSITION IN PANIC,https://www.youtube.com//watch?v=HWgiqlX_Ifc,13K views,13000.0
239,1 year ago,EBIWOOBE NE MILANGA GIBUTIKIDDE BANAUGANDA ABAKOLERA MU MIDDLE EAST,https://www.youtube.com//watch?v=PeYUngk7sBA,8.1K views,8100.0
240,1 year ago,OBULABE NOBULIPO DICTATOR MUSEVENI BWATEKATEKA OKUZIDA  PEOPLE POWER,https://www.youtube.com//watch?v=fiOj2KGIEFk,16K views,16000.0
241,1 year ago,CROOKS IN MENGO LED BY PETER MAYIGA WHO PLANING THE DOWNFALL OF KABAKA RONALD MWENDA MUTEBI 11,https://www.youtube.com//watch?v=-eGLLMUg0Zw,9.5K views,9500.0
242,1 year ago,OPEN ROOF AND DIRECT MASSAGE TO MUSEVENI PLUS HIS AGENTS IN OPPOSITION,https://www.youtube.com//watch?v=D-R4xTRpBTA,14K views,14000.0
243,1 year ago,NONE UGANDANS SLOWLY TAKING OVER UGANDA AND STRANDED UGANDANS CRYING FOR HELP IN THE MIDLE EAST,https://www.youtube.com//watch?v=7Tw5s4-uUC4,13K views,13000.0
244,1 year ago,THE BAD SIDE OF OPPOSITION POLITICIANS IN UGANDA AGAINST ROBERT KYAGULANYI SENTAMU,https://www.youtube.com//watch?v=WnHJ5F8HtnQ,8.1K views,8100.0
245,1 year ago,ENDAGANO ZA CHARLES PETER MAYIGA EZO KUSANYAWO OBUGANDA NE SSABASAJJA RONALD MUWENDA MUTEBI,https://www.youtube.com//watch?v=QgBhpcLNg7U,8.4K views,8400.0
246,1 year ago,FAKE OPPOSITION OPPOSING REAL OPPOSITION WHO MEAN AND DEMAND CHANGE,https://www.youtube.com//watch?v=EGvWYX9SWN8,10K views,10000.0
247,1 year ago,OPEN ROOF ENGAGE  KYAGULANYI SENTAMU ROBERT  AT YOUR OWN RISK ZARI SHOW US YOUR CREDENTIALS,https://www.youtube.com//watch?v=uEo4fjCE4VU,10K views,10000.0
248,1 year ago,MUSEVENI IS UNFIT TO RUN CAMPAIGNS THAT'S WHY HE PREFERRED SCIENTIFIC ELECTIONS,https://www.youtube.com//watch?v=gwL9Tl5HWHw,8.6K views,8600.0
249,1 year ago,BWINO WA L.T COL EDITH NAKALEMA ATIISA NYOO,https://www.youtube.com//watch?v=Cf7fWOIVQ60,12K views,12000.0
250,1 year ago,ARMY GENERAL PLANING TO DEAL WITH PEOPLE POWER AFTER 2021 ELECTIONS,https://www.youtube.com//watch?v=Iir5bdrTouk,14K views,14000.0
251,1 year ago,USE AND DUMP MUSEVENI'S TACTICS TO CLING ON POWER NEVER TRUST MUSEVENI,https://www.youtube.com//watch?v=he2YIqQ5br8,12K views,12000.0
252,1 year ago,SO SAD TO KNOW THAT LAND GRABBING WAS PART OF THE 50 YEARS MASTER PLAN OF MUSEVENI AND HIS CRONIES,https://www.youtube.com//watch?v=jnES740GZiw,11K views,11000.0
253,1 year ago,OBUNANFUSI NE NKWE EZIJJUDE MU OPPOSITION OKULEMESA KYAGULANYI SENTAMU AKA BOBI WINE OKWESIMBAWO,https://www.youtube.com//watch?v=dcgpn3tIo4Y,12K views,12000.0
254,1 year ago,OBUFERE BWA PETER MAYIGA NOLUKWE OLW'OKUTTA KABAKA MUTEBI NE NDAGANO EZE BICUPULI,https://www.youtube.com//watch?v=_2eJEI5Xloo,13K views,13000.0
255,1 year ago,THE ONLY OPPOSITION CANDIDATE IN UGANDA IS KYAGULANYI SENTAMU ROBERTðŸ‡ºðŸ‡¬âœŠ,https://www.youtube.com//watch?v=jqu45eOB4xc,9K views,9000.0
256,1 year ago,MUSEVENI AKUKUTA NE BA GENERAL BAMAGYE BATEGEKA KUTEKAWO STATE OF EMERGENCY,https://www.youtube.com//watch?v=X_GuBsL9XLU,23K views,23000.0
257,1 year ago,SCIENTIFIC COUP AGAINST THE  CONSTITUTION OF UGANDA PLANED BY MUSEVENI AND ELECTORAL COMMISSION,https://www.youtube.com//watch?v=kNGnOL40uqY,13K views,13000.0
258,1 year ago,MUSEVENI'S GOVERNMENT IS UNDER PRESSURE FROM ALL CORNERS,https://www.youtube.com//watch?v=AkpIsaqROyo,17K views,17000.0
259,1 year ago,ENFA YA GENERAL KASIRYE GWANGA NEGERI MUSEVENI JASANYIZAWO ECONOMY YA UGANDA MUMYAKA 35,https://www.youtube.com//watch?v=PpmEjRLuoAo,33K views,33000.0
260,1 year ago,MUSEVENI USING HIS OLD TACTICS IN DIVIDE AND RULE SYSTEM AGAINST PEOPLE POWER,https://www.youtube.com//watch?v=WsfxlZCYlE0,9.3K views,9300.0
261,1 year ago,"OBUNKENKE, OKUTTA NOKUTISATISA NOKUYIGANYA ABAWAGIZI BA PEOPLE POWER NGA BIKOLEBWA MUSEVENI",https://www.youtube.com//watch?v=Yqvw4vmqjUI,20K views,20000.0
262,1 year ago,"BWIINO WO BUZALE BWA SARAH KAGELE, NABALOGA, DAVID WASAJJA SIBANA BA SIR  EDWARD MUTESA",https://www.youtube.com//watch?v=P7cCLR2JHU0,11K views,11000.0
263,1 year ago,PETER MAYIGA TARNISHES KABAKA'S IMAGE IN LAND FRAUDS IN BUGANDA,https://www.youtube.com//watch?v=l1rCvHM4TkI,9.6K views,9600.0
264,1 year ago,LETS PAINT UGANDA RED WITH PEOPLE POWER CHEAP AFFORDABLE MULTI PURPOSE MASKS,https://www.youtube.com//watch?v=6XX-XGZMjj4,9.6K views,9600.0
265,1 year ago,BREAKING NEWS ABITEX MUSINGUZI ABBY RECEIVED 2BILLION TO CROSS TO NRM,https://www.youtube.com//watch?v=dJEnwObVYes,10K views,10000.0
266,1 year ago,SSABASAJJA KABAKA MUTEBI RONALD ALIMUMATIGA,https://www.youtube.com//watch?v=CUEzByzKQ3k,8.3K views,8300.0
267,1 year ago,1980'S DIVIDE AND RULE AT ITS BEST IN ORDER TO DIVIDE PEOPLE POWER STRUGGLE,https://www.youtube.com//watch?v=aDUEWkPxltc,7.2K views,7200.0
268,1 year ago,THE OTHER BAD SIDE OF CHARLES PETER MAYIGA,https://www.youtube.com//watch?v=NgIAoEThmKE,9.3K views,9300.0
269,1 year ago,FACTS AND REALITY AFTER LOCK DOWN,https://www.youtube.com//watch?v=bhgR4W4r3go,8.8K views,8800.0
270,1 year ago,LAND GRABBING IN BUGANDA LED BY OMULANGIRA WASAJJA,https://www.youtube.com//watch?v=0pQOZIrg31w,6.3K views,6300.0
271,1 year ago,AM READY TO DEFEND SSABASAJJA KABAKA RONALD MWENDA MUTEBI 11 BY ALL MEANS POSSIBLE I LUMBUYE FRED,https://www.youtube.com//watch?v=Rbmu3AW7ccU,7.7K views,7700.0
272,1 year ago,NEPOTISM AT ITS BEST AS  KUTESA AND MUSEVENI FLY IN THEIR FAMILIES DURING QUARANTINE FROM ETHIOPIA,https://www.youtube.com//watch?v=irOhYFgIz3U,10K views,10000.0
273,1 year ago,95% OF ALL BUILDINGS AND SHOPPING CENTERS IN KAMPALA OWNED BY MUSEVENI AND HIS CRONIES,https://www.youtube.com//watch?v=O7XMoXl-KhU,9.2K views,9200.0
274,1 year ago,STATE IN PANIC OVER 2021 ELECTIONS DUE PRESSURE FROM PEOPLE POWER,https://www.youtube.com//watch?v=5v3ZXkODnkw,13K views,13000.0
275,1 year ago,CHARLES PETER   MAYIGA AYEKERA OBUGANDA ERA SSABASAJJA KABAKA ALIMUMATIGA,https://www.youtube.com//watch?v=gk512VEA-NQ,13K views,13000.0
276,1 year ago,DIVISIONS AMONG UGANDANS INFLUENCED BY MUSEVENI,https://www.youtube.com//watch?v=PwQ0hDQTokk,7.6K views,7600.0
277,1 year ago,KYAGULANYI SENTAMU SILENTLY EXPOSING ALL POLITICIANS IN UGANDA,https://www.youtube.com//watch?v=cqoyo73QuQc,10K views,10000.0
278,1 year ago,SUBSIDIZED MASSIVE DIVERSIONS CREATED BY MUSEVENI. FOCUS ON OF DEMAND AND CORRUPTION IN PARLIAMENT,https://www.youtube.com//watch?v=291wLTpeYq0,7.3K views,7300.0
279,1 year ago,UNMASKING MASSIVE ORGANIZED EMBEZZLEMENT FUNDS BY MUSEVENI THROUGH KADAGA,https://www.youtube.com//watch?v=rfDv9lf2114,6.5K views,6500.0
280,1 year ago,THE DARK SIDE OF PASTOR BUGINGO AND HIS INTENTIONS IN POLITICS,https://www.youtube.com//watch?v=kDf1lIdnMzM,12K views,12000.0
281,1 year ago,Silencing  Ugandans and Disrespecting Rule of Law in Uganda,https://www.youtube.com//watch?v=sOs47CwES3o,8.5K views,8500.0
282,1 year ago,ASSASSINATIONS OF MOSLEMS IN UGANDA MASTERMINDED BY DICTATOR MUSEVENI,https://www.youtube.com//watch?v=Skl1bAbgFA4,11K views,11000.0
283,1 year ago,NRM SECURITY OPERATIVES IN MITYANA PLANING TO ASSASSINATE HON ZAAKE FRANCIS BUTEBI AND HIS FAMILY,https://www.youtube.com//watch?v=BtO0iX7QwTY,9.2K views,9200.0
284,1 year ago,POLITICAL Diversions AND MISUSE OF TAXPAYERS MONEY AGAINST UGANDANS,https://www.youtube.com//watch?v=pUF3gD2YzRU,6.6K views,6600.0
285,1 year ago,Ugandan Parliament is full of Political Opportunists,https://www.youtube.com//watch?v=t6LQlfHi4n8,4.3K views,4300.0
286,1 year ago,OBUKENUZI MU PARLIAMENT OKWEZZA 10BN OLUKULEMBEDWA KADAGA NABALEKA BANA UGANDA NGA BERYA NKUTTAðŸ˜­,https://www.youtube.com//watch?v=qlXV3rA5Y3k,8.4K views,8400.0
287,1 year ago,NRM USING FOOD DONATIONS AS CAMPAIGN TOOL,https://www.youtube.com//watch?v=PFjdOwWUX6Q,7.7K views,7700.0
288,1 year ago,BWINO WA KATIKILO PETER CHARLES MAYIGA OKULYA MU BUGANDA OLUKWE NE KABAKA RONALD MWENDA MUTEBI,https://www.youtube.com//watch?v=jzVNehgPuNw,18K views,18000.0
289,1 year ago,THE UNSKILLED UGANDAN POLITICIANS,https://www.youtube.com//watch?v=P-S320w9a-M,8.1K views,8100.0
290,1 year ago,UGANDA IS IN A BAD SITUATION LEADERS ARE BECOMING MISS LEADERS,https://www.youtube.com//watch?v=4RP4V-muZH4,9.3K views,9300.0
291,1 year ago,UGANDANS STAY WARNED MUSEVENI AND HIS CRONIES ARE TAKING OVER UGANDA BY ALL MEANS,https://www.youtube.com//watch?v=2gV9Kpk-tWE,12K views,12000.0
292,1 year ago,BITTER TRUTH ABOUT THE CURRENT SITUATION IN UGANDA AND AROUND THE WORLD BY MR TONNY LUKWONGWA,https://www.youtube.com//watch?v=ryW142YHVjQ,4.2K views,4200.0
293,1 year ago,SSABASAJJA KABAKA NSABA KULUMA KU KUTU KWO MUNYUMBA YO MULIMU EMESSE ENSOLIMA,https://www.youtube.com//watch?v=1LSUTl0nyEk,9.6K views,9600.0
294,1 year ago,THE NAKED TRUTH ABOUT POLITICAL DISTRACTION IN UGANDA,https://www.youtube.com//watch?v=Zp3Pky5yO9o,7.4K views,7400.0
295,1 year ago,DESPERATE SCREAMS AND CRIES FROM HELPLESS UGANDANS STRANDED IN CHINA AND MIDDLE EAST TO MUSEVENI,https://www.youtube.com//watch?v=RdEPW7lMKIM,9.9K views,9900.0
296,1 year ago,A SNEAK PEAK OF CORRUPTION AND EMBEZZLEMENT BY PARLIAMENT THROUGH EXAGGERATED BILLS AND GOVERNMENT,https://www.youtube.com//watch?v=DGJ6JewHF7g,9.9K views,9900.0
297,1 year ago,UNMASKING AND EMBEZZLEMENT OF TAXPAYERS MONEY BY MUSEVENI AND HIS CRONIES FOR 35 YEAR'S,https://www.youtube.com//watch?v=UGGOnCEcObg,12K views,12000.0
298,1 year ago,STRONG WARNING TO UGANDANS BY MR TONNY LUKWONGWA,https://www.youtube.com//watch?v=W5pCyyan2oY,7.4K views,7400.0
299,1 year ago,PASTOR MUWANGUZI FIRES BACK USING BIBLE VERSES AT DR T MALE OVER CRITICIZING KYAGULANYI SENTAMU,https://www.youtube.com//watch?v=E8iJr4Mofnc,5.7K views,5700.0
300,1 year ago,DILEMMA AND FRUSTRATION AS MUSEVENI LOCK DOWN THE COUNTRY WITH NO BASIC NEEDS,https://www.youtube.com//watch?v=b8-EncFKd7s,10K views,10000.0
301,1 year ago,OBUNKEKE NOBULIMBA KU SENYIGA OMUKAMBWE MUSEVENI BWATADDE KU BANA UGANDA ATE NGA BYELYA NKUTA,https://www.youtube.com//watch?v=yjRdKhMBHyo,16K views,16000.0
302,1 year ago,CONSTITUTIONAL BREAKDOWN IN MUSEVENI'S GOVERNMENT AND RULE BY USING EXCESSIVE FORCE,https://www.youtube.com//watch?v=4sXtp-qez9Y,11K views,11000.0
303,1 year ago,EXPOSING UNPROFESSIONAL BUNCH OF MUSEVENI AND HIS CRONIES WITH THEIR HEALTH SYSTEM,https://www.youtube.com//watch?v=uXzIEKhJXmM,12K views,12000.0
304,1 year ago,BETRAYAL AND SABOTAGE OF THE HIGHEST ORDER BY PEOPLE POWER COORDINATORS AND INNER CIRCLE,https://www.youtube.com//watch?v=JWTiTdSsjA8,17K views,17000.0
305,1 year ago,KABAKA MUTEBI UNDER SIEGE ON MUSEVENI'S ORDERS AND MUSEVENI CURRENTLY PLANS COUP,https://www.youtube.com//watch?v=fjpq0CfEL64,15K views,15000.0
306,1 year ago,BAMBEGA EMENGO ABATADDE KABAKA MUTEBI MUTIGGA NE UGANDA,https://www.youtube.com//watch?v=z0pFpTWzTyk,16K views,16000.0
307,1 year ago,BOBI WINE SPREADING LIKE FIRE MUSEVENI IN PANIC,https://www.youtube.com//watch?v=sIMtBm00oDs,13K views,13000.0
308,1 year ago,BWINO WA GENERAL TUMUKUNDE ATISA,https://www.youtube.com//watch?v=uflp0oSdTfs,22K views,22000.0
309,1 year ago,BWINO KUNGELI GOVERNMENT YA MUSEVENI GYE BABBAMU SENTE KUMOBILE MONEY NOKUTULUGUNYA BANAUGANDA,https://www.youtube.com//watch?v=ziK2EH9T69c,13K views,13000.0
310,1 year ago,EZIMU KUNKWE EFUTWA OBUNANFUSI NAMAKULI GEBATEGA BOBI WINE OKUMULEMESA 2021 TWEBEREREMU,https://www.youtube.com//watch?v=hzYrbUrwsfQ,14K views,14000.0
311,1 year ago,NO RETREAT NO SURRENDER ASIGARA TALAMA,https://www.youtube.com//watch?v=KBOBjikcx_o,13K views,13000.0
312,1 year ago,MUSEVENI ORDERED SHOOT ALL PEOPLE POWER SUPPORTERS AND NO MORE CONSULTATIONS,https://www.youtube.com//watch?v=HtI7oy38934,11K views,11000.0
313,1 year ago,MUNAMAJE ISMA MUSOKE AGAMBYE  EMUNDU ZIFUGE,https://www.youtube.com//watch?v=IC_kLTtXCR8,53K views,53000.0
314,1 year ago,MUSEVENI'S ESCAPE ROUTE IS RWANDA  AND HIS CRONIES BEACAUSE 70% OF RWANDA ECONOMY BELONGS TO M7,https://www.youtube.com//watch?v=cRfTeKhZLEo,12K views,12000.0
315,1 year ago,BWINO WA BAYEKELA BA ADF AND WELL FUNDED DIVERSION IN MUSEVENI'S GOVERNMENT ðŸ˜­,https://www.youtube.com//watch?v=-jf4D-wolx8,16K views,16000.0
316,1 year ago,MASSIVE CORRUPTION AND INTIMIDATING UGANDANS BY SECURITY OPERATIVES,https://www.youtube.com//watch?v=oZ4ddrAqwIo,10K views,10000.0
317,1 year ago,PANIC MOOD ACTIVATED MUSEVENI AND HIS GENERALS THEY NO LONGER SLEEP,https://www.youtube.com//watch?v=Psyud5Y8-ps,9.4K views,9400.0
318,1 year ago,YOU ARE EITHER WE US OR AGAINST US PEOPLE POWER WE NEED CHANGE NOT OPPOSITION,https://www.youtube.com//watch?v=2FHzkHZpzyI,7.6K views,7600.0
319,1 year ago,VILLAGE TO VILLAGE CAMPAIGN  IS OUR TARGET LETS ACT NOW,https://www.youtube.com//watch?v=u2Olpb7e3uY,7K views,7000.0
320,1 year ago,BITTER TRUTH AND BETRAYAL IN PEOPLE POWER TEAM AGAINST MUSEVENI,https://www.youtube.com//watch?v=6PQ8BZUq5EE,9.9K views,9900.0
321,1 year ago,NEPOTISM  CORRUPTION AND STEALING IN MUSEVENI'S GOVERNMENT,https://www.youtube.com//watch?v=OjO7G0ccyLU,6.9K views,6900.0
322,1 year ago,DR ANDREW LUTANKOME KAYIRA AND KAMYA NKWANGA PLUS THEIR SOLDIERS WERE SHOT BY MUSEVENI,https://www.youtube.com//watch?v=pxPmbo-JO6c,9.3K views,9300.0
323,1 year ago,OKUTULUGUNYA BANA UGANDA ABATWALIBWA MUBUWARABU,https://www.youtube.com//watch?v=aEvTHNycgX4,7.8K views,7800.0
324,1 year ago,THE OTHER BAD SIDE OF RONALD MAYINJA AND NSSF CROOKS,https://www.youtube.com//watch?v=Np44rK4g9LE,11K views,11000.0
325,1 year ago,SALIM SALEH'S SECRETS AND BUSINESS SHOCK UGANDANS,https://www.youtube.com//watch?v=3w0amt9yU4Q,24K views,24000.0
326,1 year ago,AGOKYA MUSEVENI ATEGEKA OKWOKYA AKATALE KEWA KISEKA,https://www.youtube.com//watch?v=UftIEfTkF_g,8K views,8000.0
327,1 year ago,ONLINE  MEDIA PLATFORMS BLACKMAILING KYAGULANYI SENTAMU PAID BY MUSEVENI USING ISO AND CMI,https://www.youtube.com//watch?v=e_c2--Je_K4,6.8K views,6800.0
328,1 year ago,MUSEVENI'S BED SECRETS EXPOSED AND HOW HE ESCAPED DEATH TRAP,https://www.youtube.com//watch?v=Q61wZXW6rMM,28K views,28000.0
329,1 year ago,OBUNANFUSI NE NKWE MU UGANDA,https://www.youtube.com//watch?v=nmP2jKo4aEY,7.3K views,7300.0
330,1 year ago,ENTIISA NE TTEMU ELIBUTIKIDE GOVERNMENT YANAKYEMARILA MUSEVENI,https://www.youtube.com//watch?v=uHgm34zU__o,11K views,11000.0
331,1 year ago,NAKED TRUTH BETWEEN THE WINNER AND THE LOSER  IN UGANDAN POLITICS,https://www.youtube.com//watch?v=jLAIMzYVHLg,6.7K views,6700.0
332,1 year ago,BWINO WA CAPTAIN SULA SELUNJOGI,https://www.youtube.com//watch?v=NFGQIVEfta4,9.1K views,9100.0
333,1 year ago,BWINO WA RONALD MAYINJA AKAKE KAWEDEMU,https://www.youtube.com//watch?v=Zyg3tqHiHQ0,17K views,17000.0
334,1 year ago,FACTS ABOUT THIS STRUGGLE AND BOBI WINE'S SECURITY,https://www.youtube.com//watch?v=PIjQe8Im-1A,8.7K views,8700.0
335,1 year ago,MUSEVENI'S VISION OF ELIMINATING UGANDANS AND JUNGLE MINDS,https://www.youtube.com//watch?v=Ee-9kyQBJIs,6.5K views,6500.0
336,1 year ago,OBUWANGA BWABA SSEKABAKA SALIM SALEH YABULINA NE NAMBOOZE YABEGA SSABASAJJA MUTEBI,https://www.youtube.com//watch?v=PAeuJJ8R6gM,11K views,11000.0
337,1 year ago,ACTION IS NOW FREE BOBI WINE,https://www.youtube.com//watch?v=ET0oUyWX_TE,7.2K views,7200.0
338,1 year ago,MUSEVENI COMPROMISED MOST OF THE PEOPLE POWER COORDINATORS,https://www.youtube.com//watch?v=a6qb0F2BzW0,6.3K views,6300.0
339,1 year ago,GLOVES OFF 2020 FIRE  THE WINNER TAKES IT ALL HAPPY NEW YEAR,https://www.youtube.com//watch?v=oyECdVk7WBo,9.7K views,9700.0
340,1 year ago,NAKED TRUTH TIME IS NOW FREE UGANDA,https://www.youtube.com//watch?v=qXhhBuesu28,7.2K views,7200.0
341,1 year ago,OPPOSITION FIGURES CONNIVING WITH MUSEVENI TO KEEP IN POWER EXPOSED,https://www.youtube.com//watch?v=iTPeNcxLURE,7.3K views,7300.0
342,1 year ago,BAMBEGA BUBAKELEDE MWESONYIWE BOBI WINE,https://www.youtube.com//watch?v=m6SQu9DBdtc,9.5K views,9500.0
343,1 year ago,A MUST WATCH FROM HANNINTON BASAKANA FACTS ABOUT BUSOGA,https://www.youtube.com//watch?v=-bupnaUy9ag,3.1K views,3100.0
344,1 year ago,Sugarcane growers in BUSOGA wake up by pastor muwanguzi,https://www.youtube.com//watch?v=fcJbUNq1_Fc,2.1K views,2100.0
345,1 year ago,UGANDANS MOSTLY WOMEN ARE STRANDED IN ABUDHABI,https://www.youtube.com//watch?v=0tzFLjqJOQ0,3.1K views,3100.0
346,1 year ago,SEVENTH DAY ADVENTS CHURCH UGANDA IN PANIC,https://www.youtube.com//watch?v=6msvKK7Z_ZY,6.5K views,6500.0
347,1 year ago,OBUNANFUSI NE NKWE MU OPPOSITION MU UGANDA,https://www.youtube.com//watch?v=kzcdIKlbPKE,7.3K views,7300.0
348,1 year ago,SELF INTEREST MUST STOP LETS FOLLOW KYAGULANYI SENTAMU'S PRINCIPLES,https://www.youtube.com//watch?v=t5UA1lLnQ4I,5.6K views,5600.0
349,1 year ago,UPDF GENERALS COUP PLANS EXPOSED,https://www.youtube.com//watch?v=hQqU5LzdTUc,7.7K views,7700.0
350,1 year ago,OBWENZI NO BUSAMIZE BWA PASTOR BUGINGO,https://www.youtube.com//watch?v=LhOX0YqPy5Q,60K views,60000.0
351,1 year ago,DON'T JOKE WITH SECURITY ALERTS,https://www.youtube.com//watch?v=GnDvTYFbKe4,6.8K views,6800.0
352,1 year ago,The truth more truth about pastor bugingo,https://www.youtube.com//watch?v=ETvZ4tRmLv4,13K views,13000.0
353,1 year ago,BIGIRWA AND STATE AGENTS PLANING TO ELIMINATE KYAGULANYI SENTAMU,https://www.youtube.com//watch?v=D7070vKlCqE,12K views,12000.0
354,1 year ago,PASTOR MUWANGUZI ANDREW EXPOSES PASTOR BUGINGO,https://www.youtube.com//watch?v=XbiLeySGme4,4.7K views,4700.0
355,1 year ago,BWINO WA DR ANAS KALISA,https://www.youtube.com//watch?v=KGg77f3uSV8,12K views,12000.0
356,1 year ago,MISTREATMENT AGAINST BAGANDA IN A DIVIDE AND RULE SYSTEM EXPOSED,https://www.youtube.com//watch?v=iBWy67cTOr0,8.4K views,8400.0
357,1 year ago,MUSEVENI BAMUSAZE ENSAWO ESOUTH AFRICA,https://www.youtube.com//watch?v=lhcNJ051ysE,3.3K views,3300.0
358,1 year ago,KIWEDE BOBI WINE IS NEXT PRESIDENT OF UGANDA MR SUUBI AKA MR VEGAS SAID SO,https://www.youtube.com//watch?v=cfuZPJ80e3Q,3.5K views,3500.0
359,1 year ago,ZABIKE EMIPILA TULIBAKOWU,https://www.youtube.com//watch?v=3aQV_MicT-4,7.6K views,7600.0
360,1 year ago,WE ARE READY TO FIGHT TIME IS NOW OR NEVER,https://www.youtube.com//watch?v=uA3TRci819g,6K views,6000.0
361,1 year ago,PASTOR MUWANGUZI WITH OPEN TRUTH IN BUSOGA,https://www.youtube.com//watch?v=PkO2n1ZAoLM,2.5K views,2500.0
362,1 year ago,OMUKAZI OMUKAMBWE ALANGIDE MUSEVENI EBIKANKANA,https://www.youtube.com//watch?v=861_8LjuiBA,3.3K views,3300.0
363,1 year ago,MUSEVENI IN PANIC AND ALL HIS GENERAL BITABUSE,https://www.youtube.com//watch?v=lr3W5-YbkXU,10K views,10000.0
364,1 year ago,BANAUGANDA MUJJE SENTE ZAMWE MU BANK MUSEVENI AGENDA KUZIIBA ZONA,https://www.youtube.com//watch?v=7v67XHQLlH8,7K views,7000.0
365,1 year ago,SPEAKER REBECCA KADAGA'S EXPENDITURE SHOCKS THE NATION,https://www.youtube.com//watch?v=EdFD0QYGIeA,7.7K views,7700.0
366,1 year ago,OBWANABBI KU KYAGULANYI SENTAMU AKA BOBI WINE,https://www.youtube.com//watch?v=1hQtpfs7oho,2.3K views,2300.0
367,1 year ago,MUSEVENI'S OLD GOONS ARE  BACK TO FIGHT PEOPLE POWER,https://www.youtube.com//watch?v=CxJB6yVJIXI,7K views,7000.0
368,1 year ago,ALL PASTORS IN UGANDA ARE MUSEVENI'S AGENTS,https://www.youtube.com//watch?v=dYP8xKrI9BQ,3.9K views,3900.0
369,1 year ago,BOBI WINE'S SECURITY MUST BE BOOSTED,https://www.youtube.com//watch?v=F2vS0d2beOQ,5.6K views,5600.0
370,1 year ago,MWENA BANAUGANDA MUGENDE MWEWANDISE,https://www.youtube.com//watch?v=PUqEEx9zsYU,7K views,7000.0
371,1 year ago,ERRORS IN THE NEW VISION PAPER REPORTER'S ABOUT MADI MADI IN ISTANBUL TURKEY,https://www.youtube.com//watch?v=ilxTJfqQrG0,4.5K views,4500.0
372,1 year ago,MILITARY COUP AND ASSASSINATION PLANS OF MUSEVENI AND HIS GENERALS,https://www.youtube.com//watch?v=hWpmBXU1DaA,11K views,11000.0
373,1 year ago,AMAZIGA ENAKKU NE BIWOOBE BIBUTIKIDE BAZUKULU BA BUGANDA,https://www.youtube.com//watch?v=_0wH3iMJDAM,2.7K views,2700.0
374,1 year ago,DIRECT MASSAGE TO KATIKIRO OF BUGANDA FROM GRANDKIDS OF BUGANDA,https://www.youtube.com//watch?v=LD6piVJGbxA,13K views,13000.0
375,1 year ago,PASTOR MUWANGUZI OWA PEOPLE POWER NE BWIINO,https://www.youtube.com//watch?v=oY4eV4D4Nv4,6.6K views,6600.0
376,1 year ago,KATI MBU KII FROM MIKE WINE,https://www.youtube.com//watch?v=numrFPmGsq0,2.4K views,2400.0
377,1 year ago,ESO AND NABILLAH NAGGAYI SEMPALA TRACKING BOBI WINE IN USA,https://www.youtube.com//watch?v=FkLJEudTpLA,10K views,10000.0
378,1 year ago,OBUGANDA BULIMUMATIGA,https://www.youtube.com//watch?v=cBYTAzDWr4U,6.8K views,6800.0
379,1 year ago,BREAKING NEWS BBS TV AND CBS RADIO PAID BY SALEH NOT HOST BOBI,https://www.youtube.com//watch?v=_42OhVCZ-NM,10K views,10000.0
380,1 year ago,"THE SNEAK PEAK WITH SWEETEST AROMA, JUST A GLANCE AT THE FIRST 180 DAYS OF H. E ROBERT KYAGULANYI",https://www.youtube.com//watch?v=wYj5a_3q_fM,5.5K views,5500.0
381,1 year ago,ABANTU BAWANSI MUTEGEZEBWA OKWELONDAMU OBUKIIKO,https://www.youtube.com//watch?v=--ncMy7lVzE,2.3K views,2300.0
382,1 year ago,AMANYA GABANTU ABATIDDWA KUBIRAGIRO BYA MUSEVENI LUTISA,https://www.youtube.com//watch?v=BMnrVMJDwvY,15K views,15000.0
383,1 year ago,BESIGYE'S AKUKUTA NE MUSEVENI OBUBA AKALULU KA 2021,https://www.youtube.com//watch?v=w5Py6lWvnLg,7.2K views,7200.0
384,1 year ago,THE REAL HIDDEN SECRETS OF MUSEVENI AND BESIGYE'S TO MAINTAIN 50 YEAR RULE REVEALED,https://www.youtube.com//watch?v=xkV-FhE-Nag,15K views,15000.0
385,1 year ago,PEOPLE POWER EBYOKUZANYA BIWEDEWO TIME FOR ACTION,https://www.youtube.com//watch?v=qFqOg7z-q6k,7.5K views,7500.0
386,1 year ago,BWINO WOMUGAGA GODFREY  KIRUMIRA ATIISA NYOO,https://www.youtube.com//watch?v=R11TjyUdJhQ,19K views,19000.0
387,1 year ago,BOBI WINE BROTHER PLEASE STAY WARNED FDC PLANS TO ELIMINATE YOU,https://www.youtube.com//watch?v=sd_XTmjures,10K views,10000.0
388,1 year ago,ENDOWOZA ZABANTU MU STRUGGLE ENO,https://www.youtube.com//watch?v=z14VbgtRzjo,3.6K views,3600.0
389,1 year ago,MUSEVENI AYAGARA KUGURA UGANDA YONA,https://www.youtube.com//watch?v=_bRqeDZwVuw,4.5K views,4500.0
390,1 year ago,BOBI WINE KYOMEDE ABEBYOKWELINDA POLICE NA MAJJE,https://www.youtube.com//watch?v=yXADdTqH_0s,1K views,1000.0
391,1 year ago,WE HAVE 2 TYPES OF PEOPLE IN THIS STRUGGLE MONEY MAKERS AND PEOPLE WHO LOVE THEIR COUNTY,https://www.youtube.com//watch?v=ILu8s0pUwgY,2.4K views,2400.0
392,1 year ago,Museveni Ali mukatyabaga BA MINISTERS Bona Bamukoye,https://www.youtube.com//watch?v=ootx_VAknXQ,14K views,14000.0
393,1 year ago,1986 WAS THE DOWNFALL OF UGANDA,https://www.youtube.com//watch?v=_qFoxrzF0WI,3.3K views,3300.0
394,1 year ago,BWINO WA EDDY KENZO BITIISA,https://www.youtube.com//watch?v=fKKffLkwTbQ,89K views,89000.0
395,1 year ago,UGANDANS WE ARE NOT SAFE WAKE UP,https://www.youtube.com//watch?v=IxfieM9O_go,6.6K views,6600.0
396,1 year ago,MUSEVENI'S PLANS FOR GENOCIDE IN UGANDA IS BEEN EXPOSED ðŸ‡ºðŸ‡¬,https://www.youtube.com//watch?v=yM7N8Eu56rQ,7K views,7000.0
397,1 year ago,MUSEVENI EMPLOYEES FOREIGN FORCES TO ELIMINATE UGANDANS,https://www.youtube.com//watch?v=t-dlFPkHIvY,2.6K views,2600.0
398,1 year ago,URA OVER TAXING UGANDANS,https://www.youtube.com//watch?v=Qy6PCUdXBPc,1.5K views,1500.0
399,1 year ago,Ugandans lock your phones after using Whatsap,https://www.youtube.com//watch?v=fx9LLBWr4_w,16K views,16000.0
400,1 year ago,UGANDAN GOVERNMENT PLANING TO IMPLICATES PEOPLE POWER IN TERRORISM.,https://www.youtube.com//watch?v=r_OLrUUattI,4.7K views,4700.0
401,1 year ago,Museveni to deploy police officers in people power,https://www.youtube.com//watch?v=VF1Eao5P-8U,2.2K views,2200.0
402,1 year ago,The truth inside people power,https://www.youtube.com//watch?v=kRO7MR5AKgk,1.4K views,1400.0
403,1 year ago,FIRE BASE MEMBER WAS RELEASED WITH DIFFICULTY ASSIGNMENTS FROM ISO,https://www.youtube.com//watch?v=KWE_Fbcl-yc,2.2K views,2200.0
404,1 year ago,FIRE BASE WHATSAP ADDIM YOUR GROUP REVIEW IT,https://www.youtube.com//watch?v=RaW9S5T0g2Q,1.1K views,1100.0
405,1 year ago,PEOPLE POWER WHAT SAP GROUPS FULL OF SPY,https://www.youtube.com//watch?v=xN3cbydOf5o,1.6K views,1600.0
406,1 year ago,PEOPLE WHO AGAINST BOBI WINE'S SECURITY ADVICE,https://www.youtube.com//watch?v=NtakErD1q6U,975 views,
407,1 year ago,SECURITY ALERTS TO ALL PEOPLE POWER SOLDIERS,https://www.youtube.com//watch?v=GpNpr3t2yoE,1.4K views,1400.0
408,1 year ago,Safe houses and real Goons,https://www.youtube.com//watch?v=yci17hU9fKk,1.4K views,1400.0
409,1 year ago,Discretion in uganda,https://www.youtube.com//watch?v=rcGIzl0PK88,1.7K views,1700.0
410,1 year ago,BOBI WINE'S SECURITY,https://www.youtube.com//watch?v=OfN4pv8Ha2M,1.1K views,1100.0
411,1 year ago,MUZAATA MUBI WA TAKATA ATE SIMUNA UGANDA.,https://www.youtube.com//watch?v=uIVcQcTvbOA,789 views,
412,1 year ago,Museveni and his Pastors,https://www.youtube.com//watch?v=wk1W-MB8VXY,3.6K views,3600.0
